name,brewery_type,city,postal_code,website_url,state,colorado_cup_medal,colorado_cup_category,colorado_cup_beer,gabf_medal,gabf_category,gabf_beer,population,povertyRate
10 Barrel Brewing Co - Denver,large,Denver,80205,,Colorado,,,,,,,34767,0.223
105 West Brewing Co,micro,Castle Rock,80109,http://www.105westbrewing.com,Colorado,,,,,,,23185,0.133
12Degree Brewing,brewpub,Louisville,80027,http://www.12degree.com,Colorado,,,,,,,33830,0.18
14er Brewing Company,proprietor,Denver,80205,http://www.14erBrewing.com,Colorado,,,,,,,34767,0.223
3 Freaks Brewing Co,micro,Highlands Ranch,80126,http://www.3freaksbrewery.com,Colorado,,,,,,,43222,0.138
300 Suns Brewing Company,brewpub,Longmont,80501,http://www.300sunsbrewing.com,Colorado,Colorado Cup Winner,"Coffee, Chocolate, & Dessert Beers",Psychotic Balaclava Horchata Stout,,,,41671,0.231
38 State Brewing,micro,Littleton,80122,http://www.38statebrew.com,Colorado,,,,,,,32927,0.104
4 Noses Brewing Company,micro,Broomfield,80021,http://4nosesbrewing.com,Colorado,,,,,,,33743,0.141
4B's Brewery,brewpub,Cedaredge,81413,http://www.4bsbrewery.com,Colorado,,,,,,,5426,0.39
6 & 40 Brewery/Taproom,planning,Lakewood,80215,http://www.tomsbrewshop.com,Colorado,,,,,,,19227,0.155
7 Hermits Brewing Company,brewpub,Eagle,81631,http://www.7hermitsbrewing.com,Colorado,,,,,,,8718,0.048
Acidulous Brewing Company,contract,Littleton,80128,,Colorado,,,,,,,36271,0.145
Aero Craft Brewing,planning,Denver,80212,http://www.aerocraft.beer,Colorado,,,,,,,19446,0.192
Alpine Dog Brewing Co,micro,Denver,80218,http://www.alpinedogbrewery.com,Colorado,,,,,,,19183,0.158
Alternation Brewing Company,micro,Denver,80210,http://www.alternationbrewing.com,Colorado,,,,,,,34639,0.207
Amalgam Brewing,proprietor,Denver,80221,http://www.amalgambrewing.com,Colorado,Colorado Cup Winner,Standard American-Style IPAs,Modern West,,,,41235,0.225
Angry James Brewing Co,micro,Silverthorne,80498,http://www.angryjamesbrewing.com,Colorado,,,,,,,7993,0.073
Anheuser-Busch Inc - Fort Collins,large,Fort Collins,80524,,Colorado,,,,,,,36122,0.334
Animas Brewing Co,brewpub,Durango,81301,http://www.animasbrewing.com,Colorado,,,,,,,29392,0.2
Asher Brewing Co,micro,Boulder,80301,http://asherbrewing.com,Colorado,,,,,,,24783,0.165
Aspen Brewing Company,micro,Aspen,81611,http://www.aspenbrewingcompany.com,Colorado,Colorado Cup Winner,Standard Hazy Pale Ales & IPAs,Excess In Moderation,,,,11115,0.158
Aspen Brewing Company,micro,Aspen,81611,http://www.aspenbrewingcompany.com,Colorado,,,,Gold,Mexican-Style Pale Lager,Casa Bonita,11115,0.158
Atom Brewing Company,micro,Erie,80516,http://www.atombrewingcompany.com,Colorado,,,,,,,28166,0.175
Atrevida Beer Company,micro,Colorado Springs,80908,http://www.atrevidabeerco.com,Colorado,,,,,,,18468,0.185
Avalanche Brewing Co,brewpub,Silverton,81433,http://www.avalanchebrewing.com,Colorado,,,,,,,558,0.15
Avant Garde Aleworks,micro,Estes Park,80517,https://avantgardealeworks.com,Colorado,Colorado Cup Winner,Fruit & Field Beers,Harvest Saison,,,,10344,0.182
Avery Brewing Co,regional,Boulder,80301,,Colorado,,,,Bronze,Experimental Beer,NaughTea,24783,0.165
Baere Brewing Company,micro,Denver,80203,http://www.baerebrewing.com,Colorado,,,,,,,21263,0.135
Banded Oak Brewing Company,brewpub,Denver,80203,http://Bandedoakbrewing.com,Colorado,Colorado Cup Winner,Porters & Stouts,Paramount Porter,,,,21263,0.135
Barnett and Son Brewing Company,micro,Parker,80134,,Colorado,,,,,,,69059,0.116
Barrel Dog Brewing,micro,Evergreen,80439,,Colorado,,,,,,,24797,0.186
Barrels & Bottles Brewery,brewpub,Golden,80401,http://www.barrelsbottles.com,Colorado,,,,,,,39413,0.276
Battle Mountain Brewing Co,brewpub,Castle Rock,80104,https://www.battlemountaincr.com,Colorado,,,,,,,31278,0.15
Beer By Design Brewery,contract,Thornton,80233,http://www.beerbydesign.com,Colorado,,,,,,,49490,0.159
Bent Barley Brewing Co,micro,Centennial,80016,https://www.bentbarley.com/,Colorado,Colorado Cup Winner,Porters & Stouts,Dry Irish Stout,,,,56711,0.102
Berthoud Brewing Company,micro,Berthoud,80513,http://www.berthoudbrewing.com,Colorado,,,,,,,12842,0.179
Beyond The Mountain Brewing Company,micro,Boulder,80301,http://www.btmbrewing.com,Colorado,Colorado Cup Winner,Standard Hazy Pale Ales & IPAs,I Wish You More,,,,24783,0.165
Bierstadt Lagerhaus,brewpub,Denver,80205,http://www.bierstadtlager.com,Colorado,,,,,,,34767,0.223
BierWerks,brewpub,Woodland Park,80863,http://www.bierwerks.com,Colorado,,,,,,,13020,0.18
Big Beaver Brewing Co,micro,Loveland,80537,http://www.bigbeaverbrew.com,Colorado,,,,,,,43100,0.143
Big Choice Brewing Co,micro,Brighton,80601,http://www.bigchoicebrewing.com,Colorado,,,,,,,38968,0.166
Big Thompson Brewery,micro,Loveland,80538,,Colorado,,,,,,,48751,0.192
BJs Restaurant & Brewery - Boulder,brewpub,Boulder,80301,http://www.bjsrestaurants.com,Colorado,,,,,,,24783,0.165
Black Beak Brewing,planning,Denver,80237,,Colorado,,,,,,,21871,0.102
Black Bottle Brewery,brewpub,Fort Collins,80525,http://www.blackbottlebrewery.com,Colorado,,,,,,,54872,0.239
Black Cat Brewing,planning,Boulder,80302,http://www.blackcatbrewing.com,Colorado,,,,,,,27428,0.529
Black Forest Brewing Company,brewpub,Colorado Springs,80908,http://www.blackforestbrewco.com,Colorado,,,,,,,18468,0.185
Black Project Spontaneous & Wild Ales,micro,Denver,80210,http://www.blackprojectbeer.com,Colorado,,,,,,,34639,0.207
Black Shirt Brewing Co,brewpub,Denver,80205,http://www.blackshirtbrewingco.com,Colorado,,,,,,,34767,0.223
Black Sky Brewery,brewpub,Denver,80204,http://www.blackskybrewing.com,Colorado,,,,,,,33181,0.258
Blue Moon Brewery,large,Denver,80216,,Colorado,,,,,,,13029,0.226
Blue Spruce Brewing,brewpub,Centennial,80122,http://www.bluesprucebrewing.com,Colorado,,,,,,,32927,0.104
Blue Spruce Brewing Littleton,brewpub,Littleton,80127,http://www.bluesprucebrewing.com,Colorado,,,,,,,45246,0.1
Boggy Draw Brewery,micro,Sheridan,80110,http://www.boggydrawbrewing.com,Colorado,,,,,,,22660,0.174
Bonfire Brewing,micro,Eagle,81631,http://www.bonfirebrewing.com,Colorado,,,,,,,8718,0.048
Bonfire Brewing Production,micro,Eagle,81631,,Colorado,,,,,,,8718,0.048
Bootstrap Brewing,micro,Longmont,80501,,Colorado,,,,,,,41671,0.231
Bootstrap Brewing Co,micro,Niwot,80503,http://www.bootstrapbrewing.com,Colorado,,,,,,,35299,0.179
Bottom Shelf Brewery,brewpub,Bayfield,81122,http://www.bottomshelfbrewing.com,Colorado,,,,,,,8772,0.198
Boulder Beer Co,regional,Boulder,80301,,Colorado,,,,,,,24783,0.165
Boulder Beer On Walnut,brewpub,Boulder,80302,,Colorado,,,,,,,27428,0.529
Brass Brewing Company,micro,Colorado Springs,80903,,Colorado,,,,,,,14503,0.292
Breckenridge Brewery,large,Littleton,80120,http://www.breckenridgebrewery.com,Colorado,,,,,,,31356,0.194
Breckenridge Brewery & Pub,large,Breckenridge,80424,http://www.breckbrewpub.com,Colorado,,,,,,,10087,0.166
Breckenridge Brewery Ale & Game House,brewpub,Englewood,80112,https://www.breckbrewinverness.com/,Colorado,,,,,,,32311,0.105
Brew Pub and Kitchen,brewpub,Durango,81301,http://www.brewpubkitchen.com,Colorado,,,,,,,29392,0.2
Brewability Lab,micro,Denver,80239,http://www.Brewabilitylab.com,Colorado,,,,,,,45595,0.204
Brewery Rickoli,micro,Wheat Ridge,80033,http://www.breweryrickoli.com,Colorado,,,,,,,25386,0.197
Brewmented,micro,Longmont,80501,http://www.brewmented.com,Colorado,,,,,,,41671,0.231
Briar Common Brewery,brewpub,Denver,80211,http://www.briarcommon.com,Colorado,,,,,,,35310,0.166
Bristol Brewing Co,micro,Colorado Springs,80905,http://www.bristolbrewing.com,Colorado,Colorado Cup Winner,"Golden, Blonde, & Other Light Ales",Beehive Honey Wheat,,,,16130,0.211
Bristol Brewing Co,micro,Colorado Springs,80905,http://www.bristolbrewing.com,Colorado,Colorado Cup Winner,Classic UK Amber & Brown Ales,Draft Project London Brown,,,,16130,0.211
Broken Compass Brewing,micro,Breckenridge,80424,http://www.brokencompassbrewing.com,Colorado,,,,,,,10087,0.166
Broken Plow Brewery,micro,Greeley,80634,http://www.brokenplowbrewery.com,Colorado,,,,,,,59255,0.233
BRU Handbuilt Ales and Eats,brewpub,Boulder,80303,http://www.bruboulder.com,Colorado,,,,,,,24656,0.417
Brues Alehouse Brewing Company,brewpub,Pueblo,81003,http://www.bruesalehouse.com,Colorado,,,,,,,12761,0.342
Bruz Beers,micro,Denver,80221,http://www.bruzbeers.com,Colorado,Colorado Cup Winner,Sour Ales,Ghost in the Wood,,,,41235,0.225
Buckhorn Brewers LLC,micro,Loveland,80537,,Colorado,,,,,,,43100,0.143
Bull & Bush Brewery,brewpub,Denver,80246,http://www.bullandbush.com,Colorado,,,,,,,13382,0.152
Burgundian Brewing Co.,micro,Denver,80211,http://www.facebook.com/BurgundianBrewing,Colorado,,,,,,,35310,0.166
"Burly Brewing Company, LLC",closed,Castle Rock,80109,http://www.burlybrewing.com,Colorado,,,,,,,23185,0.133
Burns Family Artisan Ales,planning,Denver,80219,,Colorado,,,,,,,70337,0.301
Butcherknife Brewing Company,micro,Steamboat Springs,80487,http://www.butcherknifebrewing.com,Colorado,,,,,,,17692,0.215
C.B. and Potts/Big Horn Brewery - Englewood,closed,Englewood,80111,http://www.cbpotts.com,Colorado,,,,,,,33134,0.14
C.B. and Potts/Big Horn Brewery - Highlands Ranch,closed,Highlands Ranch,80129,http://www.cbpotts.com,Colorado,,,,,,,31244,0.121
C.B. and Potts/Big Horn Brewery - Westminster,closed,Westminster,80234,http://www.cbpotts.com,Colorado,,,,,,,28041,0.154
Call To Arms Brewing Company,micro,Denver,80212,http://www.facebook.com/calltoarmsbrewing,Colorado,,,,,,,19446,0.192
Cannonball Creek Brewing Co,micro,Golden,80403,http://www.cannonballcreekbrewing.com,Colorado,,Session & Pale Ales,Featherweight,,,,20481,0.209
Cannonball Creek Brewing Co,micro,Golden,80403,http://www.cannonballcreekbrewing.com,Colorado,,,,Silver,American-Style Strong Pale Ale,Mindbender,20481,0.209
Cannonball Creek Brewing Co,micro,Golden,80403,http://www.cannonballcreekbrewing.com,Colorado,,,,Bronze,International-Style Pale AleCategory Sponsor:Hop Products Australia,Deer Pallet,20481,0.209
Cannonball Creek Brewing Co,micro,Golden,80403,http://www.cannonballcreekbrewing.com,Colorado,Colorado Cup Winner,Session & Pale Ales,Trump Hands,Bronze,Session India Pale Ale,Trump Hands,20481,0.209
Capitol Creek Brewery,brewpub,Basalt,81621,http://www.capitolcreekbrewery.com,Colorado,,,,,,,5652,0.143
Carbondale Beer Works,brewpub,Carbondale,81623,http://www.carbondalebeerworks.com,Colorado,,,,,,,16977,0.212
Carver Brewing Co,brewpub,Durango,81301,http://carverbrewing.com,Colorado,Colorado Cup Winner,Malty North American Beers,Old Oak Amber Ale,,,,29392,0.2
Carver Brewing Co,brewpub,Durango,81301,http://carverbrewing.com,Colorado,Colorado Cup Winner,Classic UK Amber & Brown Ales,Colorado Trail Nut Brown Ale,,,,29392,0.2
Carver Brewing Co,brewpub,Durango,81301,http://carverbrewing.com,Colorado,Colorado Cup Winner,Pale Malty European Lagers,Lightner Creek Lager,,,,29392,0.2
Casey Brewing and Blending,micro,Glenwood Springs,81601,http://www.caseybrewing.com,Colorado,,,,,,,15019,0.13
Castle Rock Beer Company,closed,Castle Rock,80104,http://www.castlerockbeerco.com,Colorado,,,,,,,31278,0.15
Cellar West Artisan Ales,micro,Boulder,80302,http://www.cellarwest.com,Colorado,Colorado Cup Winner,Brett & Wild Beers,Green Spur,,,,27428,0.529
Cerberus Brewing Company,brewpub,Colorado Springs,80905,http://www.cerberusbrewingco.com,Colorado,,,,,,,16130,0.211
Cerebral Brewing,micro,Denver,80206,http://www.cerebralbrewing.com,Colorado,Colorado Cup Winner,Standard International & Experimental Hoppy Beers,Gasoline Rainbows,,,,24697,0.151
Cerebral Brewing,micro,Denver,80206,http://www.cerebralbrewing.com,Colorado,Colorado Cup Winner,Strong & Imperial Hoppy Beers,Cheat Code,,,,24697,0.151
Cerebral Brewing,micro,Denver,80206,http://www.cerebralbrewing.com,Colorado,Colorado Cup Winner,Wood & Aged Beers,Here Be Monsters,,,,24697,0.151
Cerebral Brewing,micro,Denver,80206,http://www.cerebralbrewing.com,Colorado,,,,Silver,American-Style Light Lager,Neon Lite,24697,0.151
Chain Reaction Brewing Company,micro,Denver,80223,http://www.chainreactionbrewingco.com,Colorado,,,,,,,19969,0.202
Cheluna Brewing Company,micro,Aurora,80010,http://www.cheluna.com,Colorado,,,,,,,42120,0.263
ChopHouse and Brewery - Denver,brewpub,Denver,80202,http://www.craftworksrestaurants.com,Colorado,,,,,,,14671,0.189
City Star Brewing,micro,Berthoud,80513,http://www.citystarbrewing.com,Colorado,,,,,,,12842,0.179
CO-Brew,micro,Denver,80203,http://www.cobrewdenver.com,Colorado,,,,,,,21263,0.135
Coal Mine Ave Brewing Company,micro,Littleton,80123,http://www.coalmineavebrewing.com,Colorado,,,,,,,46381,0.121
Coda Brewing Company,planning,Golden,80401,http://codabrewing.com,Colorado,,,,,,,39413,0.276
Cogstone Brewing Co,brewpub,Colorado Springs,80917,http://www.cogstonebrewing.com,Colorado,,,,,,,30888,0.203
Colorado Boy Pizzeria,brewpub,Montrose,81401,http://www.coloradoboy.com,Colorado,,,,,,,22141,0.299
Colorado Boy Pub & Brewery,brewpub,Ridgway,81432,http://www.coloradoboy.com,Colorado,,,,,,,2970,0.236
Colorado Farm Brewery,micro,Alamosa,81101,http://www.cofarmbeer.com,Colorado,,,,,,,14039,0.395
Colorado Mountain Brewery,micro,Colorado Springs,80921,http://www.cmbrew.com,Colorado,,,,,,,24049,0.18
Colorado Mountain Brewery At the Roundhouse,brewpub,Colorado Springs,80904,http://www.cmbrew.com,Colorado,,,,,,,19985,0.223
Colorado Plus,brewpub,Wheat Ridge,80033,http://coloradoplus.net,Colorado,,,,,,,25386,0.197
Comrade Brewing Company,micro,Denver,80231,http://comradebrewing.com,Colorado,Colorado Cup Winner,Session & Pale Ales,Honeyman 64,,,,36570,0.167
CooperSmiths Pub and Brewing,brewpub,Fort Collins,80524,http://www.coopersmithspub.com,Colorado,,,,,,,36122,0.334
Copper Club Brewing Co,micro,Fruita,81521,http://www.copperclubbrew.com,Colorado,,,,,,,16210,0.188
Copper Kettle Brewing Company,micro,Denver,80247,http://www.copperkettledenver.com,Colorado,,,,,,,29219,0.148
Crabtree Brewing,micro,Greeley,80631,http://www.crabtreebrewing.com,Colorado,,,,,,,50069,0.411
Crazy Mountain Brewing Co,regional,Denver,80204,http://www.crazymountainbrewery.com,Colorado,,,,,,,33181,0.258
Crestone Brewing Company,brewpub,Crestone,81131,http://www.crestonebrewingco.com,Colorado,,,,,,,1339,0.302
Crooked Stave Artisan Beer Project,micro,Denver,80211,http://www.crookedstave.com,Colorado,Colorado Cup Winner,Brett & Wild Beers,Spon,,,,35310,0.166
Crow Hop Brewing Co. Ltd.,micro,Loveland,80537,http://www.crowhopbrewing.com,Colorado,,,,,,,43100,0.143
Crystal Springs Brewing Co,micro,Louisville,80027,http://www.crystalspringsbrewing.com,Colorado,,,,,,,33830,0.18
D.C. Oakes Brewhouse and Eatery,brewpub,Fort Collins,80528,http://www.dcoakesbrewhouse.com,Colorado,,,,,,,22562,0.148
Dad & Dudes Breweria,brewpub,Aurora,80016,http://breweria.com,Colorado,,,,,,,56711,0.102
Dead Hippie Brewing,micro,Sheridan,80110,http://www.deadhippiebrewing.com,Colorado,,,,,,,22660,0.174
Dean and Co,micro,La Junta,81050,,Colorado,,,,,,,8995,0.441
Declaration Brewing Company,micro,Denver,80223,http://www.declarationbrewing.com,Colorado,,,,,,,19969,0.202
Dented Face Brewing Company,planning,Delta,81416,,Colorado,,,,,,,13082,0.318
Denver Beer Co,micro,Denver,80202,http://www.denverbeerco.com,Colorado,,,,,,,14671,0.189
Denver Beer Co - Littleton,micro,Littleton,80120,https://denverbeerco.com/taprooms/littleton/,Colorado,,,,,,,31356,0.194
Denver Beer Co Canworks,micro,Denver,80211,,Colorado,,,,Silver,Specialty Non-Alcohol Beer,NA Tangerine Cream,35310,0.166
Denver Beer Co Olde Town Arvada,micro,Arvada,80002,https://denverbeerco.com/taprooms/olde-town-arvada/,Colorado,,,,,,,18846,0.207
DeSteeg Brewing Co/Blind Faith Brewing,micro,Denver,80212,http://www.desteegbrewing.com,Colorado,,,,,,,19446,0.192
Diebolt Brewing,micro,Denver,80211,http://www.dieboltbrewing.com,Colorado,Colorado Cup Winner,Sour Ales,David Frambowie,,,,35310,0.166
Diebolt Brewing,micro,Denver,80211,http://www.dieboltbrewing.com,Colorado,,,,Gold,Wood- and Barrel-Aged Strong Stout,Vladislav,35310,0.166
Dillon Dam Brewery,brewpub,Dillon,80435,http://www.dambrewery.com,Colorado,,,,,,,7628,0.185
Dive Bar Brewing Company,proprietor,Greenwood Village,80111,http://divebarbeer.com,Colorado,,,,,,,33134,0.14
Dodgeton Creek Brewing Co.,planning,Trinidad,81082,http://www.dodgetoncreek.com,Colorado,,,,,,,10964,0.343
Dolores River Brewery,brewpub,Dolores,81323,http://www.doloresriverbrewery.com,Colorado,,,,,,,4525,0.151
Donavon Brewing Company,planning,Arvada,80005,http://www.donavonbrewing.com,Colorado,,,,,,,28692,0.119
Dos Luces Brewery,contract,Denver,80210,http://www.dosluces.com,Colorado,,,,,,,34639,0.207
Dostal Alley Brewing Co,brewpub,Central City,80427,http://www.dostalalley.net,Colorado,,,,,,,720,0.084
Downhill Brewing,micro,Parker,80134,https://www.downhillbrews.com/,Colorado,,,,,,,69059,0.116
Downhill Brewing - Greenwood Village,micro,Greenwood Village,80112,https://www.downhillbrews.com/,Colorado,,,,,,,32311,0.105
Dratz Brewing Company,planning,Loveland,80537,http://www.dratzbrewing.com,Colorado,,,,,,,43100,0.143
Dry Dock Brewing Co - North Dock,regional,Aurora,80011,http://www.drydockbrewing.com,Colorado,,,,,,,51585,0.204
Dry Dock Brewing Co- South Dock,micro,Aurora,80014,http://www.drydockbrewing.com,Colorado,,,,,,,38904,0.141
Dueces Wild Brewery,micro,Colorado Springs,80915,http://www.dwbbrewery.com,Colorado,,,,,,,21478,0.195
Durango Brewing Co,brewpub,Durango,81301,http://www.durangobrewing.com,Colorado,,,,,,,29392,0.2
Echo Brewing Cask and Barrel,brewpub,Erie,80516,,Colorado,,,,,,,28166,0.175
Echo Brewing Company,brewpub,Frederick,80530,,Colorado,,,,,,,4707,0.129
Eddyline Brewing LLC,micro,Buena Vista,81211,http://eddylinebrewery.com,Colorado,,,,,,,7140,0.294
Edgewater Brewery,brewpub,Grand Junction,81501,http://www.kannahcreekbrewingco.com/edgewater-brewery,Colorado,,,,,,,21445,0.351
El Rancho Brewing,brewpub,Evergreen,80439,http://www.elranchobrewing.com,Colorado,,,,,,,24797,0.186
Elevation Beer Company,micro,Poncha Springs,81242,,Colorado,Colorado Cup Winner,Fruit & Field Beers,Coconut Oil Man,,,,465,0.279
Elevation Beer Company,micro,Poncha Springs,81242,,Colorado,Colorado Cup Winner,Belgian and French Ales,Apis IV,,,,465,0.279
Elk Avenue Brewing Company,brewpub,Crested Butte,81224,,Colorado,,,,,,,3207,0.142
Endo Brewing Company,micro,Lafayette,80026,http://endobrewing.com,Colorado,,,,,,,30635,0.146
"Epic Brewing Co., LLC",micro,Denver,80205,http://www.epicbrewing.com,Colorado,,,,,,,34767,0.223
Equinox Brewing,micro,Fort Collins,80524,http://www.equinoxbrewing.com,Colorado,,,,,,,36122,0.334
Estes Park Brewery,micro,Estes Park,80517,http://www.epbrewery.net,Colorado,,,,,,,10344,0.182
Evergreen Brewery,brewpub,Evergreen,80439,http://www.evergreentaphouse.com,Colorado,,,,,,,24797,0.186
Factotum Brewhouse,micro,Denver,80211,http://www.factotumbrewhouse.com,Colorado,,,,,,,35310,0.166
FATE Brewing Company,brewpub,Boulder,80301,,Colorado,,,,,,,24783,0.165
Fermaentra,micro,Denver,80210,http://www.fermaentra.com,Colorado,,,,,,,34639,0.207
FH Beerworks,micro,Colorado Springs,80903,,Colorado,,,,,,,14503,0.292
FH Beerworks East,planning,Colorado Springs,80915,,Colorado,,,,,,,21478,0.195
Fiction Beer Company,micro,Denver,80220,http://www.fictionbeer.com,Colorado,,,,,,,35938,0.13
Finkel & Garf Brewing Co.,micro,Boulder,80301,http://www.finkelandgarf.com,Colorado,,,,,,,24783,0.165
Floodstage Ale Works,brewpub,Brighton,80601,http://www.floodstagealeworks.com,Colorado,,,,,,,38968,0.166
Florence Brewing Company,micro,Florence,81226,http://www.florencebrewing.com,Colorado,,,,,,,5448,0.345
Fossil Craft Beer Co,micro,Colorado Springs,80904,http://www.fossilcraftbeer.com,Colorado,,,,,,,19985,0.223
Frolic Brewing Company,brewpub,Westminster,80234,http://www.frolicbrewing.com,Colorado,,,,,,,28041,0.154
Front Range Brewing Co.,brewpub,Lafayette,80026,http://www.frontrangebrewingcompany.com,Colorado,,,,,,,30635,0.146
Funkwerks,micro,Fort Collins,80524,http://www.funkwerks.com,Colorado,,,,,,,36122,0.334
Gilded Goat Brewing Company,micro,Fort Collins,80525,http://www.gildedgoatbrewing.com,Colorado,,,,,,,54872,0.239
Glenwood Canyon Brewing Co,brewpub,Glenwood Springs,81601,http://www.glenwoodcanyon.com,Colorado,,,,Gold,Dortmunder or German-Style Oktoberfest,Festbier,15019,0.13
Goat Patch Brewing Co.,micro,Colorado Springs,80907,http://www.goatpatchbrewing.com,Colorado,,,,,,,28372,0.251
Gold Camp Brewing Co,micro,Colorado Springs,80903,,Colorado,,,,,,,14503,0.292
Golden Block Brewery,brewpub,Silverton,81433,http://www.goldenblockbrewery.com,Colorado,,,,,,,558,0.15
Golden City Brewery,brewpub,Golden,80401,,Colorado,,,,,,,39413,0.276
Goldspot Brewing Co,micro,Denver,80221,http://www.goldspotbrewing.com,Colorado,,,,,,,41235,0.225
Good River Beer Company,contract,Denver,80223,http://www.grbeerco.com,Colorado,,,,,,,19969,0.202
Gordon Biersch Brewery Restaurant - Broomfield,brewpub,Broomfield,80021,http://www.gordonbiersch.com/restaurant,Colorado,,,,,,,33743,0.141
Gore Range Brewery,brewpub,Edwards,81632,http://www.gorerangebrewery.com,Colorado,,,,,,,9299,0.225
Grand Adventure Brewing Company,brewpub,Kremmling,80459,http://www.grandadventure.us,Colorado,,,,,,,2796,0.354
"Grand Lake Brewing Co, The",brewpub,Arvada,80002,http://www.grandlakebrewing.com,Colorado,,,,,,,18846,0.207
Grandma's House,micro,Denver,80210,http://www.grandmasbeer.com,Colorado,,,,,,,34639,0.207
Gravity Brewing,micro,Louisville,80027,http://www.thegravitybrewing.com,Colorado,,,,,,,33830,0.18
Great Divide Brewery & Roadhouse - Castle Rock,brewpub,Castle Rock,80104,https://www.greatdividebreweryandroadhouse.com/,Colorado,,,,,,,31278,0.15
Great Divide Brewery & Roadhouse - Lone Tree,brewpub,Lone Tree,80124,https://www.greatdividebreweryandroadhouse.com/,Colorado,,,,,,,21264,0.139
Great Divide Brewing Co,regional,Denver,80205,http://www.greatdivide.com,Colorado,,,,,,,34767,0.223
Great Divide Brewing Co - RiNo Barrel Bar,micro,Denver,80216,http://greatdivide.com/,Colorado,,,,,,,13029,0.226
Great Frontier Brewing Company,micro,Lakewood,80227,http://www.greatfrontierbeer.com,Colorado,,,,,,,34766,0.114
Green Earth Brewing Company,micro,Greeley,80631,http://www.greenearthbrewingco.com,Colorado,,,,,,,50069,0.411
Green Mountain Beer Company,micro,Lakewood,80227,http://www.greenmountainbeercompany.com,Colorado,,,,,,,34766,0.114
"Grimm Brothers Brewhouse, LLC",micro,Loveland,80537,http://www.grimmbeer.com,Colorado,,,,,,,43100,0.143
Grist Brewing Company,closed,Highlands Ranch,80129,http://gristbrewingcompany.com,Colorado,,,,,,,31244,0.121
Grossen Bart Brewery,micro,Longmont,80501,http://www.grossenbart.com,Colorado,,,,,,,41671,0.231
"Guanella Pass Brewing Company, LLC",micro,Georgetown,80444,http://www.guanellapass.com,Colorado,,,,,,,1048,0.08
Gunbarrel Brewing Company,micro,Boulder,80301,http://www.gunbarrelbrewing.com,Colorado,,,,,,,24783,0.165
Halfpenny Brewing Company,micro,Centennial,80122,http://www.halfpennybrewing.com,Colorado,,,,,,,32927,0.104
Hideaway Park Brewery,micro,Winter Park,80482,http://www.hideawayparkbrewery.com,Colorado,Colorado Cup Winner,Pale Bitter European Lagers,Dortmunder,,,,831,0.038
Hideaway Park Brewery,micro,Winter Park,80482,http://www.hideawayparkbrewery.com,Colorado,Colorado Cup Winner,Hoppy Pale American & International Lagers,Publik Skool Pilsner,,,,831,0.038
High Alpine Brewing Company,brewpub,Gunnison,81230,http://www.highalpinebrewing.com,Colorado,,,,,,,9978,0.344
High Hops Brewery,micro,Windsor,80550,http://www.highhopsbrewery.com,Colorado,,,,,,,30399,0.114
HighSide Brewery,micro,Frisco,80443,http://www.highsidebrewing.com,Colorado,,,,,,,4483,0.108
Hogshead Brewery,micro,Denver,80212,http://www.hogsheadbrewery.com,Colorado,,,,,,,19446,0.192
Holidaily Brewing Co,micro,Golden,80403,http://www.holidailybrewing.com,Colorado,,,,,,,20481,0.209
Holidaily Production Facility,planning,Golden,80403,,Colorado,,,,,,,20481,0.209
Horse & Dragon Brewing Company,micro,Fort Collins,80524,http://www.horseanddragonbrewing.com,Colorado,,,,,,,36122,0.334
Horsefly Brewing Co,brewpub,Montrose,81401,http://www.horseflybrewing.com,Colorado,,,,,,,22141,0.299
IDK Beer Co,planning,Lakewood,80228,,Colorado,,,,,,,34015,0.143
Idylwilde Brewing,micro,Carbondale,81623,http://idylwildebrewing.com,Colorado,,,,,,,16977,0.212
Incantation Brewing,micro,Aurora,80013,https://www.incantation.beer/,Colorado,Colorado Cup Winner,"Herb, Spice, & Smoked Beers",Signals,,,,73867,0.165
Incline Brewing,planning,Larkspur,80118,,Colorado,,,,,,,6474,0.195
Industrial Revolution Brewing Company,micro,Erie,80516,,Colorado,,,,,,,28166,0.175
Intersect Brewing,micro,Fort Collins,80526,http://www.intersectbrewing.com,Colorado,,,,,,,45664,0.354
Iron Bird Brewing Co.,brewpub,Colorado Springs,80903,http://www.ironbirdbrewing.com,Colorado,,,,,,,14503,0.292
Iron Mule Brewery,micro,Castle Rock,80104,https://www.ironmulebrewery.com/,Colorado,,,,,,,31278,0.15
Iron Tree Table & Taps,brewpub,Florissant,80816,http://www.irontreerestaurant.com,Colorado,,,,,,,6261,0.132
Ironworks Brewery & Pub,brewpub,Lakewood,80228,http://www.ironworkspub.com,Colorado,,,,,,,34015,0.143
Irwin Brewing Company,micro,Crested Butte,81224,http://www.irwinbrewingco.com,Colorado,,,,,,,3207,0.142
J Moe's Brewing Company,brewpub,Denver,80229,http://www.creedebeer.com,Colorado,,,,,,,55183,0.175
J. Fargo's Family Dining & Micro Brewery / Coyote J Brewing Co,brewpub,Cortez,81321,http://www.jfargos.com,Colorado,,,,,,,14776,0.322
Jagged Mountain Brewery,micro,Denver,80202,http://www.jaggedmountainbrewery.com,Colorado,,,,,,,14671,0.189
JAKs Brewing Company,micro,Peyton,80831,http://www.jaksbrewing.com,Colorado,,,,,,,25449,0.254
James Peak Brewery,brewpub,Nederland,80466,http://www.jamespeakbrew.com,Colorado,,,,,,,3541,0.298
Jessup Farm Barrel House,micro,Fort Collins,80525,http://jessupfarm.com/barrel-house/,Colorado,,,,,,,54872,0.239
Joyride Brewing Co,micro,Edgewater,80214,http://joyridebrewing.com,Colorado,Colorado Cup Winner,Kolsch,Ice Cutter Kolsch,,,,25609,0.182
Joyride Brewing Co,micro,Edgewater,80214,http://joyridebrewing.com,Colorado,,,,Bronze,American Fruit BeerCategory Sponsor:Amoretti,Black Razz Blonde,25609,0.182
Kannah Creek Brewing Co,brewpub,Grand Junction,81501,http://www.kannahcreekbrewingco.com,Colorado,,,,,,,21445,0.351
Kanook Beer Company,planning,Golden,80403,http://www.kanookbeer.com,Colorado,,,,,,,20481,0.209
"Kettle and Spoke Brewery, LLC",micro,Boulder,80301,http://www.kettleandspoke.com,Colorado,,,,,,,24783,0.165
Kokopelli Beer Company,brewpub,Westminster,80031,http://www.kokopellibeer.com,Colorado,,,,,,,35650,0.134
Lady Justice Brewing Company,micro,Denver,80212,http://www.ladyjusticebrewing.com,Colorado,,,,,,,19446,0.192
Lake City Brewing Company,brewpub,Lake City,81235,http://www.lcbrewco.com,Colorado,,,,,,,795,0.242
Landlocked Ales,micro,Lakewood,80227,http://www.landlockedales.com,Colorado,,,,,,,34766,0.114
Lariat Lodge Brewing,brewpub,Evergreen,80439,http://www.LariatLodgeBrewing.com,Colorado,,,,,,,24797,0.186
Launch Pad Brewery,micro,Aurora,80017,http://www.launchpadbrewery.com,Colorado,Colorado Cup Winner,Wood & Aged Beers,Magnificent Desolation (Russell 8 Year),,,,37443,0.164
Left Hand Brewing - RiNo,micro,Denver,80216,https://lefthandbrewing.com/rino,Colorado,Colorado Cup Winner,"Herb, Spice, & Smoked Beers",Mexican Hot Chocolate Milk Stout,,,,13029,0.226
Left Hand Brewing Company,regional,Longmont,80501,http://www.lefthandbrewing.com,Colorado,,,,Gold,Old Ale or Strong Ale or Barley Wine,Breakfast in Brussels,41671,0.231
Liquid Mechanics Brewing Company,micro,Lafayette,80026,http://www.liquidmechanicsbrewing.com,Colorado,Colorado Cup Winner,Kolsch,Kolsch,,,,30635,0.146
Liquid Mechanics Brewing Company,micro,Lafayette,80026,http://www.liquidmechanicsbrewing.com,Colorado,Colorado Cup Winner,"Herb, Spice, & Smoked Beers",El Poblano Borracho,,,,30635,0.146
Little Machine,micro,Denver,80211,http://www.littlemachinebeer.com,Colorado,,,,,,,35310,0.166
Littleton Brewing Company,planning,Littleton,80120,https://www.littletonbrewco.com/,Colorado,,,,,,,31356,0.194
Living the Dream Brewing Co.,micro,Highlands Ranch,80129,http://www.livingthedreambrewing.com,Colorado,Colorado Cup Winner,Standard Hazy Pale Ales & IPAs,Trailhead Fog,,,,31244,0.121
Living the Dream Sterling Taproom,micro,Littleton,80125,http://www.livingthedreambrewing.com,Colorado,,,,,,,10548,0.161
Local Relic,brewpub,Colorado Springs,80903,http://www.localrelic.com,Colorado,,,,,,,14503,0.292
Locavore Beer Works,micro,Littleton,80123,http://www.locavorebeerworks.com,Colorado,Colorado Cup Winner,Wood & Aged Beers,Black Pearl 4x3,,,,46381,0.121
Lone Tree Brewing Co,micro,Lone Tree,80124,http://www.lonetreebrewingco.com,Colorado,,,,,,,21264,0.139
Lone Tree Brewing Co - Parker,micro,Parker,80134,http://www.lonetreebrewingco.com,Colorado,,,,,,,69059,0.116
Long Table Brewing,micro,Denver,80207,,Colorado,,,,Bronze,Brett Beer,Thinking of You,26495,0.24
Lost Friend Brewing Company,micro,Colorado Springs,80918,http://www.lostfriendbrewing.com,Colorado,,,,,,,47294,0.199
Lost Highway Brewing,micro,Centennial,80111,http://www.losthighwaybrewing.com,Colorado,,,,,,,33134,0.14
Loveland Aleworks,micro,Loveland,80537,http://www.lovelandaleworks.com,Colorado,,,,,,,43100,0.143
Lowdown Brewery + Kitchen,brewpub,Denver,80203,http://www.lowdownbrewery.com,Colorado,,,,,,,21263,0.135
Lumpy Ridge Brewing Co,micro,Estes Park,80517,http://www.lumpyridgebrewing.com,Colorado,,,,,,,10344,0.182
Mad Jack's Mountain Brewery,micro,Bailey,80421,http://www.madjacksmountainbrewery.com,Colorado,,,,,,,9687,0.053
Mahogany Ridge Brewery & Grill,brewpub,Steamboat Springs,80477,,Colorado,,,,,,,78,0
Main Street Brewery/Four Corners,brewpub,Cortez,81321,,Colorado,,,,,,,14776,0.322
Mancos Brewing Company,brewpub,Mancos,81328,http://www.mancosbrewingcompany.com,Colorado,,,,,,,4318,0.162
Manitou Brewing Company,brewpub,Manitou Springs,80829,http://www.manitou-brewing.com,Colorado,,,,,,,6138,0.173
March Hare Brewing,planning,Parker,80134,,Colorado,,,,,,,69059,0.116
Mascher Brewing Co.,planning,Aurora,80014,http://www.mascher.beer/,Colorado,,,,,,,38904,0.141
Mash Lab Brewing,micro,Windsor,80550,http://www.mashlabbrewing.com,Colorado,,,,,,,30399,0.114
Maxline Brewing,micro,Fort Collins,80525,http://www.maxlinebrewing.com,Colorado,,,,,,,54872,0.239
McClellan's Brewing Company,brewpub,Fort Collins,80521,http://www.mcclellansbrewingcompany.com,Colorado,,,,,,,30785,0.458
"McOva Craft Beer Works, LLC",planning,Castle Rock,80104,,Colorado,,,,,,,31278,0.15
MillerCoors Brewing Co - Golden,large,Golden,80401,,Colorado,,,,,,,39413,0.276
Mockery Brewing,micro,Denver,80216,http://Mockerybrewing.com,Colorado,,,,,,,13029,0.226
Moonlight Pizza,brewpub,Salida,81201,http://www.moonlightpizza.biz,Colorado,,,,,,,9340,0.218
Mother Tucker Brewery,micro,Thornton,80233,http://mothertuckerbrewery.com,Colorado,,,,,,,49490,0.159
Mountain Cowboy Brewing Company,brewpub,Frederick,80530,http://www.mountaincowboybrewing.com,Colorado,,,,,,,4707,0.129
Mountain Sun Pub and Brewery,brewpub,Boulder,80302,http://www.mountainsunpub.com,Colorado,,,,,,,27428,0.529
Mountain Tap Brewery,brewpub,Steamboat Springs,80487,http://www.mountaintapbrewery.com,Colorado,,,,,,,17692,0.215
Mountain Toad Brewing,micro,Golden,80401,http://mountaintoadbrewing.com,Colorado,,,,,,,39413,0.276
Nano 108 Brewing Co,micro,Colorado Springs,80915,http://www.nano108brewing.com,Colorado,,,,,,,21478,0.195
Never Summer Brewing Co,micro,Granby,80446,,Colorado,,,,,,,4257,0.129
New Belgium - The Woods At The Source,planning,Denver,80216,http://www.newbelgium.com/Brewery/TheWoods,Colorado,,,,,,,13029,0.226
New Belgium Brewing Co,regional,Fort Collins,80524,http://www.newbelgium.com,Colorado,,,,Gold,Historical Beer,1554,36122,0.334
New Image Brewing Co,brewpub,Arvada,80002,http://www.nibrewing.com,Colorado,Colorado Cup Winner,Pale Bitter European Lagers,Classic Pilsner,,,,18846,0.207
New Planet Beer Co,contract,Boulder,80304,http://www.newplanetbeer.com,Colorado,,,,,,,26096,0.146
New Terrain Brewing Company,micro,Golden,80403,http://newterrainbrewing.com,Colorado,Colorado Cup Winner,Continental Rye & Wheat Beers,Suntrip,Bronze,Belgian-Style Witbier,Suntrip,20481,0.209
New Terrain Brewing Company,micro,Golden,80403,http://newterrainbrewing.com,Colorado,Colorado Cup Winner,Kolsch,Rise and Climb,,,,20481,0.209
Novel Strand Brewing,micro,Denver,80223,,Colorado,,,,,,,19969,0.202
Oasis Brewery,micro,Denver,80211,http://www.oasisbeer.com,Colorado,,,,,,,35310,0.166
Odd13 Brewing Inc,micro,Lafayette,80026,http://www.odd13brewing.com,Colorado,,,,,,,30635,0.146
Odd13 Production Facility,micro,Lafayette,80026,,Colorado,,,,,,,30635,0.146
Odell Brewing Co,regional,Fort Collins,80524,http://www.odellbrewing.com,Colorado,Colorado Cup Winner,Malty North American Beers,90 Shilling,,,,36122,0.334
Odell Brewing Co - Denver,micro,Denver,80205,,Colorado,Colorado Cup Winner,Strong & Imperial Hoppy Beers,Cloudship,,,,34767,0.223
Odyssey Beerwerks,micro,Arvada,80002,http://www.odysseybeerwerks.com,Colorado,,,,,,,18846,0.207
Old Colorado Brewing Co,micro,Wellington,80549,http://www.oldcoloradobrewing.com,Colorado,,,,,,,12135,0.193
Open Door Brewing Company,contract,Longmont,80504,http://www.opendoorbrewco.com,Colorado,,,,,,,54992,0.164
Oskar Blues Brewery - Lyons,brewpub,Lyons,80540,http://www.oskarblues.com,Colorado,,,,Gold,English Ale,Oskar Blues Dales Pale Ale,4576,0.186
Oskar Blues Brewery & Tasty Weasel Tap Room,regional,Longmont,80501,http://www.oskarblues.com,Colorado,,,,,,,41671,0.231
Our Mutual Friend Brewing,micro,Denver,80205,http://www.omfbeer.com,Colorado,,,,Silver,American-Style India Pale AleCategory Sponsor:biomerieux,Time's Arrow,34767,0.223
Ouray Brewery,brewpub,Ouray,81427,http://www.ouraybrewery.com,Colorado,,,,,,,1117,0.228
Ourayle House Brewery,micro,Ouray,81427,,Colorado,,,,,,,1117,0.228
Out World Brewing,planning,Longmont,80503,http://www.outworld.beer,Colorado,,,,,,,35299,0.179
Outer Range Brewing Co,micro,Frisco,80443,http://www.outerrange.com,Colorado,,,,,,,4483,0.108
Over Yonder Brewing Company,planning,Golden,80403,,Colorado,,,,,,,20481,0.209
Pagosa Brewing & Grill,brewpub,Pagosa Springs,81147,http://www.pagosabrewing.com,Colorado,,,,,,,12484,0.193
Palisade Brewing Company,brewpub,Palisade,81526,http://www.palisadebrewingcompany.com,Colorado,,,,,,,5363,0.254
Paonia United Brewing Company,micro,Paonia,81428,http://www.paoniaunitedbrew.com,Colorado,,,,,,,3174,0.233
Paradox Beer Co,micro,Divide,80814,http://www.paradoxbeercompany.com,Colorado,,,,,,,3514,0.272
Parts & Labor Brewing Company,brewpub,Sterling,80751,http://www.partsandlaborbrewing.com,Colorado,,,,,,,17448,0.314
Pdub Brewing Co,brewpub,Pueblo,81007,http://www.pdubbrewing.com,Colorado,,,,,,,31739,0.214
Peak To Peak Tap & Brew,brewpub,Aurora,80013,http://www.peakbrews.com,Colorado,,,,,,,73867,0.165
Peak To Peak Tap & Brew,micro,Aurora,80010,,Colorado,,,,,,,42120,0.263
Peak View Brewing Company,closed,Greenwood Village,80112,,Colorado,,,,,,,32311,0.105
Peaks N Pines Brewing Company,micro,Colorado Springs,80922,http://www.peaksnpinesbrewery.com,Colorado,,,,,,,29161,0.148
Periodic Brewing LLC,brewpub,Leadville,80461,http://www.periodicbrewing.com,Colorado,,,,,,,7454,0.263
Periodic Brewing Northglenn,micro,Northglenn,80233,,Colorado,,,,,,,49490,0.159
Phantom Canyon Brewing Co,brewpub,Colorado Springs,80903,http://www.phantomcanyon.com,Colorado,,,,,,,14503,0.292
Pikes Peak Brewing,micro,Monument,80132,http://www.pikespeakbrewing.com,Colorado,,,,,,,21286,0.223
Pilothouse Brewing Company,closed,Aurora,80013,http://www.pilothousebrewco.com,Colorado,,,,,,,73867,0.165
Pints Pub Brewery and Freehouse,brewpub,Denver,80204,http://www.pintspub.com,Colorado,,,,,,,33181,0.258
Pitchers Sports Restaurant and Brewery,brewpub,Fort Collins,80526,http://www.pitchersbrewery.com,Colorado,,,,,,,45664,0.354
Platt Park Brewing Co.,micro,Denver,80210,http://www.plattparkbrewing.com,Colorado,,,,,,,34639,0.207
Primitive Beer LLC,micro,Longmont,80504,http://www.Primitive.beer,Colorado,Colorado Cup Winner,Brett & Wild Beers,Stable Of Stars,,,,54992,0.164
Prost Brewing,micro,Denver,80211,http://www.prostbrewing.com,Colorado,,,,Gold,German-Style Schwarzbier,Prost Schwarzbier,35310,0.166
Prost Brewing - Highlands Ranch,micro,Highlands Ranch,80129,https://www.prostbrewing.com/,Colorado,,,,Gold,Vienna-Style Lager,Prost Vienna Lager,31244,0.121
Pug Ryan's Brewing Company,brewpub,Dillon,80435,http://www.pugryans.com,Colorado,,,,,,,7628,0.185
Pumphouse Brewery and Restaurant,brewpub,Longmont,80501,http://www.pumphousebrewery.com,Colorado,,,,,,,41671,0.231
Purpose Brewing and Cellars,micro,Fort Collins,80525,http://www.purposebrewing.com,Colorado,,,,,,,54872,0.239
Raices Brewing Co,planning,Denver,80204,http://www.raicesbrewing.com,Colorado,,,,,,,33181,0.258
Rails End Beer Company,micro,Broomfield,80020,http://www.railsendbeerco.com,Colorado,,,,,,,50314,0.141
Rally King Brewing,micro,Fort Collins,80525,http://www.rallykingbrewing.com,Colorado,,,,,,,54872,0.239
Ramskeller,planning,Fort Collins,80523,,Colorado,,,,,,,,
Rancho De Lomi Brewing,planning,Laporte,80535,,Colorado,,,,,,,2596,0.327
RARE by Grist Brewing,closed,Lone Tree,80124,,Colorado,,,,,,,21264,0.139
Ratio Beerworks,micro,Denver,80205,http://ratiobeerworks.com,Colorado,Colorado Cup Winner,American & International Pale Lagers,Cityscapes,Bronze,American-Belgo-Style Ale,Dear You,34767,0.223
Red Leg Brewing Company,micro,Colorado Springs,80907,http://www.redlegbrewingco.com,Colorado,,,,,,,28372,0.251
Red Mountain Brewing,brewpub,Ouray,81427,http://www.redmountainbrewingouray.com,Colorado,,,,,,,1117,0.228
Red Truck Beer Company,planning,Denver,80216,,Colorado,,,,,,,13029,0.226
Red Truck Beer Company Ltd.,micro,Fort Collins,80524,,Colorado,,,,,,,36122,0.334
Redgarden Brewery,brewpub,Louisville,80027,http://www.redgardenbrewery.com,Colorado,,,,,,,33830,0.18
Renegade Brewing Company,micro,Denver,80223,http://renegadebrewing.com,Colorado,,,,,,,19969,0.202
Renegade Brewing Company - Production,micro,Denver,80223,http://www.renegadebrewing.com,Colorado,,,,,,,19969,0.202
Resolute Brewing Company,micro,Centennial,80112,http://www.resolutebrewingco.com,Colorado,Colorado Cup Winner,Pale Malty European Lagers,Front Porch,,,,32311,0.105
Rhythm River Brewing Company,planning,Longmont,80504,http://www.rhythmriverbrewing.com,Colorado,,,,,,,54992,0.164
Riff Raff Brewing,brewpub,Pagosa Springs,81147,http://www.riffraffbrewing.com,Colorado,,,,,,,12484,0.193
River North Brewery,micro,Denver,80216,http://www.rivernorthbrewery.com,Colorado,Colorado Cup Winner,Strong Classic UK & North American Ales,Hello Darkness,,,,13029,0.226
River North Brewery,micro,Denver,80216,http://www.rivernorthbrewery.com,Colorado,Colorado Cup Winner,Strong Classic UK & North American Ales,Mr. Sandman,,,,13029,0.226
River North Brewery,micro,Denver,80216,http://www.rivernorthbrewery.com,Colorado,Colorado Cup Winner,"Coffee, Chocolate, & Dessert Beers",Nightmare Fuel,,,,13029,0.226
River North Brewery,micro,Denver,80216,http://www.rivernorthbrewery.com,Colorado,Colorado Cup Winner,Belgian and French Ales,River North White,Gold,Belgian-Style or French-Style Specialty Ale,River North White,13029,0.226
River North Brewery,micro,Denver,80216,http://www.rivernorthbrewery.com,Colorado,,,,Gold,Coffee Beer,Squirrels Just Want to Have Fun,13029,0.226
River North Brewery - RiNo,planning,Denver,80205,http://www.rivernorthbrewery.com,Colorado,,,,,,,34767,0.223
Roaring Fork Beer Company,proprietor,Carbondale,81623,http://www.roaringforkbeerco.com,Colorado,,,,,,,16977,0.212
Rock Bottom Brewery - Centerra Promenade,brewpub,Loveland,80538,http://www.rockbottom.com,Colorado,,,,,,,48751,0.192
Rock Bottom Brewery - Colorado Springs,brewpub,Colorado Springs,80922,http://www.rockbottom.com,Colorado,,,,,,,29161,0.148
Rock Bottom Brewery - Denver,brewpub,Denver,80265,http://www.rockbottom.com,Colorado,,,,,,,,
Rock Bottom Brewery - Englewood,brewpub,Englewood,80112,http://www.rockbottom.com,Colorado,,,,,,,32311,0.105
Rock Bottom Brewery - Highlands Ranch,brewpub,Highlands Ranch,80129,,Colorado,,,,,,,31244,0.121
Rock Bottom Brewery - Orchard Cntr,brewpub,Westminster,80023,http://www.rockbottom.com,Colorado,,,,,,,22584,0.089
Rock Bottom Brewery - Westminster,brewpub,Westminster,80020,http://www.rockbottom.com,Colorado,,,,,,,50314,0.141
Rock Cut Brewing Company,micro,Estes Park,80517,http://www.rockcutbrewing.com,Colorado,,,,,,,10344,0.182
Rockslide Brewing Co,brewpub,Grand Junction,81501,http://www.rockslidebrewpub.com,Colorado,,,,,,,21445,0.351
Rocky Mountain Brewery,micro,Colorado Springs,80915,http://www.rockymountainbrews.com,Colorado,,,,,,,21478,0.195
"Rocky Mountain Taphouse, LLC",micro,Greeley,80634,http://www.rockymountaintaphouse.com,Colorado,,,,,,,59255,0.233
Rockyard Brewing Company,brewpub,Castle Rock,80109,http://www.rockyard.com,Colorado,,,,,,,23185,0.133
Royal Gorge Brew Pub,brewpub,Canon City,81212,http://www.royalgorgebrewing.com,Colorado,,,,,,,23696,0.276
Rule105 Brewing,micro,Greeley,80634,http://www.rule105brewing.com/,Colorado,,,,,,,59255,0.233
Rustica Brewing Company,micro,Denver,80223,http://www.rusticabrewery.com,Colorado,,,,,,,19969,0.202
Saint Patrick's Brewing Company,micro,Littleton,80120,http://www.stpatricksbrewco.com,Colorado,,,,,,,31356,0.194
San Luis Valley Brewing Co,brewpub,Alamosa,81101,http://www.slvbrewco.com,Colorado,,,,,,,14039,0.395
Sanitas Brewing Co,micro,Boulder,80301,http://www.sanitasbrewing.com/,Colorado,,,,,,,24783,0.165
Sanitas Brewing Co - Englewood,micro,Englewood,80110,http://www.sanitasbrewing.com/,Colorado,,,,,,,22660,0.174
Seedstock Brewery,micro,Denver,80204,http://www.seedstockbrewery.com,Colorado,Colorado Cup Winner,Amber Lagers,Seedstock Bohemian Dunkel,,,,33181,0.258
Seedstock Brewery,micro,Denver,80204,http://www.seedstockbrewery.com,Colorado,Colorado Cup Winner,Dark Lagers,Seedstock Roggen Schwarzbier,,,,33181,0.258
Seedstock Brewery,micro,Denver,80204,http://www.seedstockbrewery.com,Colorado,Colorado Cup Winner,Pale Bitter European Lagers,Seedstock German Pilsner,,,,33181,0.258
Shamrock Brewing Company,brewpub,Pueblo,81003,http://www.shamrockbrewing.com,Colorado,,,,,,,12761,0.342
Sherpa Brewery Pvt. Ltd.,contract,Golden,80401,,Colorado,,,,,,,39413,0.276
Shoes & Brews,micro,Longmont,80501,http://www.shoesbrews.com,Colorado,,,,,,,41671,0.231
SKA Brewing,regional,Durango,81303,,Colorado,,,,,,,7909,0.187
Sleeping Giant Brewing Company,micro,Denver,80204,http://www.sleepinggiantbrewing.com,Colorado,,,,,,,33181,0.258
Smiling Toad Brewery,micro,Colorado Springs,80905,http://www.smilingtoadbrewery.com,Colorado,,,,,,,16130,0.211
Smuggler's Brewpub,brewpub,Telluride,81435,http://www.smugglersbrewpub.com,Colorado,,,,,,,5227,0.223
Snowbank Brewing,micro,Fort Collins,80524,http://www.snowbank.beer,Colorado,,,,,,,36122,0.334
SomePlace Else Brewery,micro,Arvada,80002,,Colorado,,,,,,,18846,0.207
Something Brewery,micro,Brighton,80601,http://www.somethingbrewery.com,Colorado,,,,,,,38968,0.166
Soul Squared Brewing Co.,micro,Fort Collins,80524,http://www.soulsquaredbrewing.com,Colorado,,,,,,,36122,0.334
Soulcraft Brewing,micro,Salida,81201,http://www.soulcraftbeer.com,Colorado,,,,,,,9340,0.218
South Park Brewing,micro,Fairplay,80440,http://www.southparkbrewingco.com,Colorado,,,,,,,2412,0.347
Southern Sun Pub and Brewery,brewpub,Boulder,80305,http://www.mountainsunpub.com,Colorado,,,,,,,17085,0.273
Spangalang Brewery,micro,Denver,80205,http://www.spangalangbrewery.com,Colorado,,,,,,,34767,0.223
Spice Trade Brewing,brewpub,Arvada,80002,http://www.spicetradebrewing.com,Colorado,,,,,,,18846,0.207
Square Peg Brewerks,micro,Alamosa,81101,http://www.squarepegbrewerks.com,Colorado,,,,,,,14039,0.395
SS Fermentations Ltd.,planning,Montrose,81401,,Colorado,,,,,,,22141,0.299
Station 26 Brewing Co,micro,Denver,80207,http://www.station26brewing.co,Colorado,Colorado Cup Winner,Strong & Imperial Hoppy Beers,11th Anniversary Double IPA,,,,26495,0.24
Steamworks Brewing Co,brewpub,Durango,81301,http://www.steamworksbrewing.com,Colorado,,,,Gold,Oatmeal Stout,Backside Stout,29392,0.2
Stein Brewing Company,micro,Boulder,80301,http://www.jwellsbrewery.com,Colorado,,,,,,,24783,0.165
Stoik Beer Company,planning,Delta,81416,http://www.stoikbeer.com,Colorado,,,,,,,13082,0.318
Storm Peak Brewing Company,micro,Steamboat Springs,80487,http://www.stormpeakbrewing.com,Colorado,,,,,,,17692,0.215
Storybook Brewing,micro,Colorado Springs,80907,http://www.storybookbrewing.com,Colorado,,,,,,,28372,0.251
Strange Craft Beer Co,micro,Denver,80204,http://www.strangecraft.com,Colorado,Colorado Cup Winner,Fruit & Field Beers,Cherry Kriek,,,,33181,0.258
Stronghouse Brewery,planning,Telluride,81435,,Colorado,,,,,,,5227,0.223
Suds Brothers Brewing Co #2,brewpub,Fruita,81521,http://www.sudsbrothers2fruita.com,Colorado,,,,,,,16210,0.188
Teachers Lounge Brewing,planning,Denver,80210,http://www.eachersloungebrewing.com,Colorado,,,,,,,34639,0.207
Telluride Brewing Co,micro,Telluride,81435,http://www.telluridebrewingco.com,Colorado,Colorado Cup Winner,Malty North American Beers,Face Down Brown,,,,5227,0.223
The Bakers' Brewery,brewpub,Silverthorne,80498,http://www.thebakersbrewery.com,Colorado,,,,,,,7993,0.073
The Brew On Broadway (The BoB),micro,Englewood,80113,http://www.thebrewonbroadway.com,Colorado,,,,,,,22956,0.183
The Grateful Gnome Sandwich Shoppe and Brewery,brewpub,Denver,80212,http://www.thegratefulgnome.com,Colorado,,,,,,,19446,0.192
The Intrepid Sojourner Beer Project,micro,Denver,80204,http://sojournerbeers.com,Colorado,,,,,,,33181,0.258
The Larimer Beer Company,contract,Denver,80207,http://www.thelarimer.com,Colorado,,,,,,,26495,0.24
The Peak Brewing Company,brewpub,Winter Park,80482,http://www.thepeakwp.com,Colorado,,,,,,,831,0.038
The Post Brewing Co,brewpub,Boulder,80302,http://www.postbrewing.com,Colorado,,,,,,,27428,0.529
The Post Brewing Co,brewpub,Lafayette,80026,http://www.postbrewing.com,Colorado,Colorado Cup Winner,Experimental & Specialty Beers,East County Fine Malt Liquor,,,,30635,0.146
The Sandlot Brewery At Coors Field,large,Denver,80205,http://www.millercoors.com,Colorado,,,,Gold,Fruit Wheat BeerCategory Sponsor:Amoretti,Key Lime Pie in the Sky,34767,0.223
Thirsty Monk Pub Brewery,micro,Denver,80218,,Colorado,,,,,,,19183,0.158
Three Barrel Brewing Co,brewpub,del Norte,81132,http://www.threebarrelbrew.com,Colorado,,,,,,,3183,0.255
Three Four Beer Company,brewpub,Fort Collins,80521,http://www.threefourbeerco.com,Colorado,,,,,,,30785,0.458
Tightknit Brewing Co,brewpub,Greeley,80631,http://tightknitbrewing.com/,Colorado,,,,,,,50069,0.411
Tilted Barrel Brew Pub,contract,Loveland,80538,http://www.tiltedbarrelbrewpub.com,Colorado,,,,,,,48751,0.192
Timnath Beerwerks,planning,Timnath,80547,,Colorado,,,,,,,2574,0.125
Tivoli Brewing Company,micro,Denver,80204,,Colorado,,,,,,,33181,0.258
Tom's Urban Kitchen and Brewery,planning,Denver,80249,,Colorado,,,,,,,32498,0.161
Tommyknocker Brewery & Pub,micro,Idaho Springs,80452,http://www.tommyknocker.com,Colorado,,,,,,,3126,0.241
Trinity Brewing,brewpub,Colorado Springs,80907,http://www.trinitybrew.com,Colorado,,,,,,,28372,0.251
TRVE Brewing Co,micro,Denver,80219,http://trvebrewing.com,Colorado,,,,,,,70337,0.301
TRVE Brewing Co. - The Acid Temple,micro,Denver,80219,,Colorado,,,,,,,70337,0.301
Tumbleweed Brewing and Wine Company,brewpub,Yuma,80759,http://www.tumbleweedbrewing.com,Colorado,,,,,,,4410,0.311
Twisted Pine Brewing Co,brewpub,Boulder,80301,http://www.twistedpinebrewing.com,Colorado,,,,,,,24783,0.165
Two Rascals Brewing Co,micro,Montrose,81401,http://www.tworascalsbrewing.com,Colorado,,,,,,,22141,0.299
Two22 Brew,micro,Centennial,80015,http://www.two22brew.com,Colorado,,,,,,,69087,0.129
Unify Brewing Company,planning,Glenwood Springs,81601,http://www.UnifyBrewing.com,Colorado,,,,,,,15019,0.13
"Unnamed Beer Company, LLC",planning,Boulder,80301,http://www.unnamedbeer.com,Colorado,,,,,,,24783,0.165
Upslope Brewing Company,planning,Boulder,80301,,Colorado,,,,,,,24783,0.165
Upslope Brewing Company - Flatiron Park,micro,Boulder,80301,http://www.upslopebrewing.com,Colorado,,,,,,,24783,0.165
Upslope Brewing Company - Lee Hill,regional,Boulder,80304,http://www.upslopebrewing.com,Colorado,,,,,,,26096,0.146
Ursula Brewery,micro,Aurora,80045,http://www.ursulabrewery.com,Colorado,,,,,,,901,0.466
Ute Pass Brewing Co,brewpub,Woodland Park,80863,http://www.utepassbrewingcompany.com,Colorado,,,,,,,13020,0.18
Uturn BBQ,brewpub,Lafayette,80026,http://www.uturnbbq.com,Colorado,,,,,,,30635,0.146
Vail Brewing Company,micro,Vail,81657,http://www.vailbrewingco.com,Colorado,,,,,,,5847,0.145
Verboten Brewing,micro,Loveland,80537,http://www.verbotenbrewing.com,Colorado,Colorado Cup Winner,Strong Classic UK & North American Ales,Grow Old With You,,,,43100,0.143
Verboten Brewing,micro,Loveland,80537,http://www.verbotenbrewing.com,Colorado,Colorado Cup Winner,"Coffee, Chocolate, & Dessert Beers",Others in Darkness: Irish Coffee,,,,43100,0.143
Very Nice Brewing Co,micro,Nederland,80466,http://www.verynicebrewing.com,Colorado,,,,,,,3541,0.298
Veteran Brothers Brewing Company,brewpub,Johnstown,80534,https://www.facebook.com/veteranbrothersbrew,Colorado,,,,,,,17118,0.1
Vine Street Pub & Brewery,brewpub,Denver,80206,http://www.mountainsunpub.com,Colorado,,,,,,,24697,0.151
Vision Quest Brewing Company,micro,Boulder,80301,http://www.visionquestbrewing.com,Colorado,,,,,,,24783,0.165
Walter Brewing Company,micro,Pueblo,81003,http://www.waltersbeer.com,Colorado,,,,,,,12761,0.342
WeldWerks Brewing Co.,micro,Greeley,80631,http://www.weldwerksbrewing.com,Colorado,,,,,,,50069,0.411
West Flanders Brewing Co,brewpub,Boulder,80302,http://www.wfbrews.com,Colorado,,,,,,,27428,0.529
Westbound & Down Brewing Company,brewpub,Idaho Springs,80452,http://www.westboundanddown.com,Colorado,Colorado Cup Winner,American & International Pale Lagers,Landing Gear Pils,,,,3126,0.241
Westbound & Down Brewing Company,brewpub,Idaho Springs,80452,http://www.westboundanddown.com,Colorado,Colorado Cup Winner,"Golden, Blonde, & Other Light Ales",The Coloradan,,,,3126,0.241
Westbound & Down Brewing Company,brewpub,Idaho Springs,80452,http://www.westboundanddown.com,Colorado,Colorado Cup Winner,Standard American-Style IPAs,Westbound Select,,,,3126,0.241
Westbound & Down Brewing Company,brewpub,Idaho Springs,80452,http://www.westboundanddown.com,Colorado,Colorado Cup Winner,Standard International & Experimental Hoppy Beers,Spirit of the West,,,,3126,0.241
Westbound & Down Brewing Company,brewpub,Idaho Springs,80452,http://www.westboundanddown.com,Colorado,,,,Gold,West Coast IPACategory Sponsor:Wyeast Laboratories,How the West Was One: Mosaic,3126,0.241
Westbound & Down Brewing Company,brewpub,Idaho Springs,80452,http://www.westboundanddown.com,Colorado,,,,Gold,American-Style Pale AleCategory Sponsor:Angel Yeast,Parallel Pale,3126,0.241
Westbound & Down Brewing Company,brewpub,Idaho Springs,80452,http://www.westboundanddown.com,Colorado,Colorado Cup Winner,Standard American-Style IPAs,Westbound IPA,Bronze,American-Style Strong Pale Ale,Westbound IPA,3126,0.241
Westbound & Down Brewing Company,brewpub,Idaho Springs,80452,http://www.westboundanddown.com,Colorado,Colorado Cup Winner,Hoppy Pale American & International Lagers,Infinity Pils,Silver,Hoppy Lager,Infinity Pils,3126,0.241
Westbound & Down Brewing Company,brewpub,Idaho Springs,80452,http://www.westboundanddown.com,Colorado,,,,Gold,Italian-Style Pilsener,Westbound Italian Pils,3126,0.241
Westbound & Down Brewing Company,brewpub,Idaho Springs,80452,http://www.westboundanddown.com,Colorado,,,,Silver,Session India Pale Ale,Scenic Route,3126,0.241
Westbound and Down,planning,Denver,80204,,Colorado,,,,Bronze,Wood- and Barrel-Aged Strong Beer,Moroccan Christmas,33181,0.258
WestFax Brewing Co.,micro,Lakewood,80214,http://www.westfaxbrewingcompany.com,Colorado,Colorado Cup Winner,Hoppy Pale American & International Lagers,Pillieve,,,,25609,0.182
Westminster Brewing Co,micro,Westminster,80021,http://westminsterbrewingco.com,Colorado,,,,,,,33743,0.141
Whistle Pig Brewing Company,micro,Colorado Springs,80918,http://www.whistlepigbrewing.com,Colorado,,,,,,,47294,0.199
Wibby Brewing,micro,Longmont,80501,http://www.wibbybrewing.com,Colorado,Colorado Cup Winner,Dark Lagers,Moondoor Dunkel,,,,41671,0.231
Wild Blue Yonder Brewing,brewpub,Castle Rock,80104,https://wildblueyonderbrewing.com/,Colorado,,,,Bronze,Wood- and Barrel-Aged Strong Beer,Moroccan Christmas,31278,0.15
Wild Woods Brewery,micro,Boulder,80301,http://www.wildwoodsbrewery.com,Colorado,,,,,,,24783,0.165
WildEdge Brewing Collective,brewpub,Cortez,81321,http://www.wildedgebrewing.com,Colorado,,,,,,,14776,0.322
Wiley Roots Brewing Co,micro,Greeley,80631,http://www.wileyrootsbrewing.com,Colorado,,,,,,,50069,0.411
Wit's End Brewing Co,micro,Denver,80204,http://www.witsendbrewing.com,Colorado,,,,,,,33181,0.258
Wonderland Brewing Co.,micro,Broomfield,80020,http://www.wonderlandbrewing.com,Colorado,Colorado Cup Winner,Experimental & Specialty Beers,Oily Oaf,,,,50314,0.141
Woods Boss Brewing Company,micro,Denver,80205,http://www.woodsbossbrew.com,Colorado,,,,,,,34767,0.223
World's End Brewpub,planning,Grand Lake,80447,http://www.ourplacebrewhaus.com,Colorado,,,,,,,2328,0.231
Wynkoop Brewing Co,brewpub,Denver,80202,http://www.wynkoop.com,Colorado,,,,,,,14671,0.189
Yampa Valley Brewing Company,micro,Hayden,81639,http://www.yampavalleybrew.com,Colorado,,,,,,,2692,0.306
Yetters Brewing Company,brewpub,Greeley,80631,https://yettersbrewingcompany.com/,Colorado,,,,,,,50069,0.411
Zephyr Brewing Co,micro,Denver,80216,http://www.zephyrbrewingco.com,Colorado,,,,,,,13029,0.226
Zuni Street Brewing Company,micro,Denver,80211,http://www.zunistreetbrewing.com,Colorado,,,,,,,35310,0.166
Zwei Brewing Co,micro,Fort Collins,80525,http://www.zweibruderbrewing.com,Colorado,,,,,,,54872,0.239
Zymos Brewing,micro,Littleton,80123,http://zymosbrewing.com,Colorado,,,,,,,46381,0.121
